Snapshot date (Europe/Sofia),Namespace or scope,Kind,Name,Origin,Purpose,Parent reference,Ports,Node,Persistent storage
2026-10-04,agents,ConfigMap,kube-root-ca.crt,Kubernetes generated,Kubernetes API server trust certificate published in each namespace,,,,
2026-10-04,agents,Deployment,open-webui,Helm release intentlatch,"Browser chat, user login, conversation storage and model-response rendering",,,,
2026-10-04,agents,EndpointSlice,open-webui-2tg25,Kubernetes generated,Addresses behind Service/open-webui; updated as backing endpoints change,Service/open-webui,,,
2026-10-04,agents,Endpoints,open-webui,Kubernetes generated,Addresses behind Service/open-webui; updated as backing endpoints change,,,,
2026-10-04,agents,NetworkPolicy,allow-dns,Helm release intentlatch,Allow UDP/TCP 53 to CoreDNS in kube-system,,,,
2026-10-04,agents,NetworkPolicy,default-deny,Helm release intentlatch,Deny ingress and egress unless another policy explicitly allows the connection,,,,
2026-10-04,agents,NetworkPolicy,open-webui,Helm release intentlatch,Allow gateway egress and reserved future Envoy ingress; no direct database/model access,,,,
2026-10-04,agents,PersistentVolumeClaim,open-webui,Helm release intentlatch,Durable block-disk claim for WebUI SQLite and files,,,,2Gi; do-block-storage; pvc-624f5a4f-a812-4383-afed-325879a62257
2026-10-04,agents,Pod,open-webui-65f88d7f9d-n98c9,Kubernetes generated,Running container group managed by ReplicaSet/open-webui-65f88d7f9d,ReplicaSet/open-webui-65f88d7f9d,,pool-d5e2gdbur-3x1f3m,
2026-10-04,agents,ReplicaSet,open-webui-65f88d7f9d,Kubernetes generated,Maintain Pod replicas for Deployment/open-webui; older revisions may have zero replicas,Deployment/open-webui,,,
2026-10-04,agents,ReplicaSet,open-webui-6df5f558ff,Kubernetes generated,Maintain Pod replicas for Deployment/open-webui; older revisions may have zero replicas,Deployment/open-webui,,,
2026-10-04,agents,ReplicaSet,open-webui-7659f99b54,Kubernetes generated,Maintain Pod replicas for Deployment/open-webui; older revisions may have zero replicas,Deployment/open-webui,,,
2026-10-04,agents,SealedSecret,webui-accounts,Helm release intentlatch,"Encrypted, name/namespace-bound input for Secret: Demo administrator/judge login credentials used by bootstrap and authorized retrieval",,,,
2026-10-04,agents,SealedSecret,webui-auth,Helm release intentlatch,"Encrypted, name/namespace-bound input for Secret: WebUI session/signing key",,,,
2026-10-04,agents,SealedSecret,webui-employee,Helm release intentlatch,"Encrypted, name/namespace-bound input for Secret: IntentLatch employee bearer token used by the WebUI server",,,,
2026-10-04,agents,Secret,webui-accounts,Sealed Secrets controller,Demo administrator/judge login credentials used by bootstrap and authorized retrieval,webui-accounts,,,
2026-10-04,agents,Secret,webui-auth,Sealed Secrets controller,WebUI session/signing key,webui-auth,,,
2026-10-04,agents,Secret,webui-employee,Sealed Secrets controller,IntentLatch employee bearer token used by the WebUI server,webui-employee,,,
2026-10-04,agents,Service,open-webui,Helm release intentlatch,"Stable internal endpoint for Browser chat, user login, conversation storage and model-response rendering",,8080/TCP -> http,,
2026-10-04,agents,ServiceAccount,default,Kubernetes generated,Default namespace workload identity; application Pods disable token automount,,,,
2026-10-04,cluster,CSIDriver,dobs.csi.digitalocean.com,Existing DOKS platform,Register DigitalOcean block-storage CSI capabilities with Kubernetes,,,,
2026-10-04,cluster,ClusterRole,monitoring-grafana-clusterrole,Helm release monitoring,Kubernetes API identity/permissions: Grafana sidecar Kubernetes configuration discovery,,,,
2026-10-04,cluster,ClusterRole,monitoring-kube-state-metrics,Helm release monitoring,Kubernetes API identity/permissions: Read Kubernetes objects for state metrics,,,,
2026-10-04,cluster,ClusterRole,monitoring-operator,Helm release monitoring,Kubernetes API identity/permissions: Reconcile monitoring custom resources and generated workloads,,,,
2026-10-04,cluster,ClusterRole,monitoring-prometheus,Helm release monitoring,Kubernetes API identity/permissions: Prometheus target discovery and permitted API/metrics access,,,,
2026-10-04,cluster,ClusterRole,secrets-unsealer,Helm release sealed-secrets,Kubernetes API identity/permissions: Read sealed inputs and reconcile decrypted Secrets across namespaces,,,,
2026-10-04,cluster,ClusterRoleBinding,monitoring-grafana-clusterrolebinding,Helm release monitoring,Bind permissions: Grafana sidecar Kubernetes configuration discovery,,,,
2026-10-04,cluster,ClusterRoleBinding,monitoring-kube-state-metrics,Helm release monitoring,Bind permissions: Read Kubernetes objects for state metrics,,,,
2026-10-04,cluster,ClusterRoleBinding,monitoring-operator,Helm release monitoring,Bind permissions: Reconcile monitoring custom resources and generated workloads,,,,
2026-10-04,cluster,ClusterRoleBinding,monitoring-prometheus,Helm release monitoring,Bind permissions: Prometheus target discovery and permitted API/metrics access,,,,
2026-10-04,cluster,ClusterRoleBinding,sealed-secrets,Helm release sealed-secrets,Bind permissions: Sealed Secrets controller Kubernetes identity and cluster permissions,,,,
2026-10-04,cluster,CustomResourceDefinition,alertmanagerconfigs.monitoring.coreos.com,Installed controller API,Install API type: Define Alertmanager routing fragments; no instances,,,,
2026-10-04,cluster,CustomResourceDefinition,alertmanagers.monitoring.coreos.com,Installed controller API,Install API type: Define operator-managed Alertmanager servers; one instance,,,,
2026-10-04,cluster,CustomResourceDefinition,ciliumcidrgroups.cilium.io,Existing DOKS platform,Install API type: Group address ranges for Cilium policies,,,,
2026-10-04,cluster,CustomResourceDefinition,ciliumclusterwideenvoyconfigs.cilium.io,Existing DOKS platform,Install API type: Configure Cilium-managed proxies at cluster scope,,,,
2026-10-04,cluster,CustomResourceDefinition,ciliumclusterwidenetworkpolicies.cilium.io,Existing DOKS platform,Install API type: Define Cilium policies across namespaces,,,,
2026-10-04,cluster,CustomResourceDefinition,ciliumendpoints.cilium.io,Existing DOKS platform,Install API type: Track Cilium networking state for workload endpoints,,,,
2026-10-04,cluster,CustomResourceDefinition,ciliumenvoyconfigs.cilium.io,Existing DOKS platform,Install API type: Configure Cilium-managed proxies in namespaces,,,,
2026-10-04,cluster,CustomResourceDefinition,ciliumgatewayclassconfigs.cilium.io,Existing DOKS platform,Install API type: Configure the provider Cilium Gateway API controller,,,,
2026-10-04,cluster,CustomResourceDefinition,ciliumidentities.cilium.io,Existing DOKS platform,Install API type: Track Cilium security identities derived from workload labels,,,,
2026-10-04,cluster,CustomResourceDefinition,ciliuml2announcementpolicies.cilium.io,Existing DOKS platform,Install API type: Configure Cilium layer-2 announcements,,,,
2026-10-04,cluster,CustomResourceDefinition,ciliumloadbalancerippools.cilium.io,Existing DOKS platform,Install API type: Define Cilium load-balancer address pools,,,,
2026-10-04,cluster,CustomResourceDefinition,ciliumlocalredirectpolicies.cilium.io,Existing DOKS platform,Install API type: Configure local redirection of Service traffic,,,,
2026-10-04,cluster,CustomResourceDefinition,ciliumnetworkpolicies.cilium.io,Existing DOKS platform,Install API type: Define extended Cilium network policies,,,,
2026-10-04,cluster,CustomResourceDefinition,ciliumnodeconfigs.cilium.io,Existing DOKS platform,Install API type: Configure Cilium per node or node group,,,,
2026-10-04,cluster,CustomResourceDefinition,ciliumnodes.cilium.io,Existing DOKS platform,Install API type: Track per-node Cilium networking state,,,,
2026-10-04,cluster,CustomResourceDefinition,ciliumpodippools.cilium.io,Existing DOKS platform,Install API type: Define Cilium pod address pools,,,,
2026-10-04,cluster,CustomResourceDefinition,dataplaneoperatorconfigs.dataplane-operator.doks.digitalocean.com,Existing DOKS platform,Install API type: Configure DigitalOcean data-plane operations,,,,
2026-10-04,cluster,CustomResourceDefinition,gatewayclasses.gateway.networking.k8s.io,Existing DOKS platform,Install API type: Register Gateway API controller classes; existing provider class only,,,,
2026-10-04,cluster,CustomResourceDefinition,gateways.gateway.networking.k8s.io,Existing DOKS platform,Install API type: Define Gateway API listeners; no application Gateway installed,,,,
2026-10-04,cluster,CustomResourceDefinition,grpcroutes.gateway.networking.k8s.io,Existing DOKS platform,Install API type: Define Gateway API gRPC routing; no current routes,,,,
2026-10-04,cluster,CustomResourceDefinition,httproutes.gateway.networking.k8s.io,Existing DOKS platform,Install API type: Define Gateway API HTTP routing; no current routes,,,,
2026-10-04,cluster,CustomResourceDefinition,nodereadinessrules.readiness.node.x-k8s.io,Existing DOKS platform,Install API type: Define provider worker-readiness checks,,,,
2026-10-04,cluster,CustomResourceDefinition,noderemediationconfigs.dataplane-operator.doks.digitalocean.com,Existing DOKS platform,Install API type: Configure provider node-remediation behavior,,,,
2026-10-04,cluster,CustomResourceDefinition,podmonitors.monitoring.coreos.com,Installed controller API,Install API type: Define direct-Pod scrape discovery; no instances,,,,
2026-10-04,cluster,CustomResourceDefinition,probes.monitoring.coreos.com,Installed controller API,Install API type: Define blackbox probing; no instances,,,,
2026-10-04,cluster,CustomResourceDefinition,prometheusagents.monitoring.coreos.com,Installed controller API,Install API type: Define Prometheus forwarding agents; no instances,,,,
2026-10-04,cluster,CustomResourceDefinition,prometheuses.monitoring.coreos.com,Installed controller API,Install API type: Define operator-managed Prometheus servers; one instance,,,,
2026-10-04,cluster,CustomResourceDefinition,prometheusrules.monitoring.coreos.com,Installed controller API,Install API type: Define Prometheus alerting/recording rules; one instance,,,,
2026-10-04,cluster,CustomResourceDefinition,referencegrants.gateway.networking.k8s.io,Existing DOKS platform,Install API type: Authorize cross-namespace Gateway API references; no current instances,,,,
2026-10-04,cluster,CustomResourceDefinition,scrapeconfigs.monitoring.coreos.com,Installed controller API,Install API type: Define additional scrape configuration; no instances,,,,
2026-10-04,cluster,CustomResourceDefinition,sealedsecrets.bitnami.com,Installed controller API,Install API type: Encrypted input for the Sealed Secrets controller,,,,
2026-10-04,cluster,CustomResourceDefinition,servicemonitors.monitoring.coreos.com,Installed controller API,Install API type: Define Service-based Prometheus scrape discovery; ten instances,,,,
2026-10-04,cluster,CustomResourceDefinition,thanosrulers.monitoring.coreos.com,Installed controller API,Install API type: Define Thanos rule evaluators; no instances,,,,
2026-10-04,cluster,CustomResourceDefinition,tlsroutes.gateway.networking.k8s.io,Existing DOKS platform,Install API type: Define Gateway API TLS routing; no current routes,,,,
2026-10-04,cluster,CustomResourceDefinition,volumesnapshotclasses.snapshot.storage.k8s.io,Existing DOKS platform,Install API type: Define CSI volume snapshot configuration; no application backup configured,,,,
2026-10-04,cluster,CustomResourceDefinition,volumesnapshotcontents.snapshot.storage.k8s.io,Existing DOKS platform,Install API type: Represent provider-side CSI disk snapshots; no application backup configured,,,,
2026-10-04,cluster,CustomResourceDefinition,volumesnapshots.snapshot.storage.k8s.io,Existing DOKS platform,Install API type: Request CSI disk snapshots; no application backup configured,,,,
2026-10-04,cluster,GatewayClass,cilium,Existing DOKS platform,Existing provider Gateway API controller registration; no IntentLatch Gateway deployed,,,,
2026-10-04,cluster,Namespace,agents,Helm release intentlatch,Group WebUI resources and scope their names/permissions,,,,
2026-10-04,cluster,Namespace,intentlatch-data,Helm release intentlatch,Group PostgreSQL and Valkey resources and scope their names/permissions,,,,
2026-10-04,cluster,Namespace,intentlatch-system,Helm release intentlatch,Group gateway resources and scope their names/permissions,,,,
2026-10-04,cluster,Namespace,observability,Helm release intentlatch,Group monitoring resources and scope their names/permissions,,,,
2026-10-04,cluster,Namespace,sealed-secrets,Helm namespace creation,Group secret controller resources and scope their names/permissions,,,,
2026-10-04,cluster,Namespace,upstreams,Helm release intentlatch,Group Ollama resources and scope their names/permissions,,,,
2026-10-04,cluster,Node,pool-d5e2gdbur-3x1f37,Existing DOKS platform,Worker compute and kubelet; dedicated to Ollama plus system agents,,,,
2026-10-04,cluster,Node,pool-d5e2gdbur-3x1f3m,Existing DOKS platform,Worker compute and kubelet; general application/system workloads,,,,
2026-10-04,cluster,Node,pool-d5e2gdbur-3x1f3q,Existing DOKS platform,Worker compute and kubelet; general application/system workloads,,,,
2026-10-04,cluster,PersistentVolume,pvc-20293f02-f65e-45e4-99f2-9a5d6553fe51,CSI generated for application PVC,DigitalOcean disk backing PVC monitoring-grafana,,,,1Gi; do-block-storage
2026-10-04,cluster,PersistentVolume,pvc-54065563-08bb-40a4-9229-988625ccf777,CSI generated for application PVC,DigitalOcean disk backing PVC data-postgres-0,,,,5Gi; do-block-storage
2026-10-04,cluster,PersistentVolume,pvc-5e315136-c02c-4edb-8a69-3365487b362c,CSI generated for application PVC,DigitalOcean disk backing PVC data-valkey-0,,,,1Gi; do-block-storage
2026-10-04,cluster,PersistentVolume,pvc-624f5a4f-a812-4383-afed-325879a62257,CSI generated for application PVC,DigitalOcean disk backing PVC open-webui,,,,2Gi; do-block-storage
2026-10-04,cluster,PersistentVolume,pvc-a47f16f6-1924-4b49-b9ee-0051b9fe3d1c,CSI generated for application PVC,DigitalOcean disk backing PVC ollama,,,,10Gi; do-block-storage
2026-10-04,cluster,PersistentVolume,pvc-c04a8caf-bd3b-4df4-bf75-5f56009c93d1,CSI generated for application PVC,DigitalOcean disk backing PVC prometheus-monitoring-prometheus-db-prometheus-monitoring-prometheus-0,,,,5Gi; do-block-storage
2026-10-04,cluster,StorageClass,do-block-storage,Existing DOKS platform,CSI block-volume provisioning; reclaim=Delete; used by all six application claims,,,,
2026-10-04,cluster,StorageClass,do-block-storage-retain,Existing DOKS platform,"CSI block-volume provisioning; reclaim=Retain; available provider alternative, unused by application claims",,,,
2026-10-04,cluster,StorageClass,do-block-storage-xfs,Existing DOKS platform,"CSI block-volume provisioning; reclaim=Delete; available provider alternative, unused by application claims",,,,
2026-10-04,cluster,StorageClass,do-block-storage-xfs-retain,Existing DOKS platform,"CSI block-volume provisioning; reclaim=Retain; available provider alternative, unused by application claims",,,,
2026-10-04,cluster,VolumeAttachment,csi-0a08353c9868b2a5d40be41a957cef310d1f4915d2b4172b62bb3e12c5fbf1cb,CSI generated for application PVC,Attach backing volume pvc-624f5a4f-a812-4383-afed-325879a62257 to worker pool-d5e2gdbur-3x1f3m,,,pool-d5e2gdbur-3x1f3m,
2026-10-04,cluster,VolumeAttachment,csi-4e99fd421cbc493ab84c54be5ceedb00830e25cb1bd4e83a9472bb3cfd1ca7d8,CSI generated for application PVC,Attach backing volume pvc-20293f02-f65e-45e4-99f2-9a5d6553fe51 to worker pool-d5e2gdbur-3x1f3m,,,pool-d5e2gdbur-3x1f3m,
2026-10-04,cluster,VolumeAttachment,csi-5bb4f0bc13154dee9276871c1db45f45a3de892449451001ce5aeab387ca69c0,CSI generated for application PVC,Attach backing volume pvc-54065563-08bb-40a4-9229-988625ccf777 to worker pool-d5e2gdbur-3x1f3m,,,pool-d5e2gdbur-3x1f3m,
2026-10-04,cluster,VolumeAttachment,csi-6d1da961a931a3347c50b2d5189793feb933fa989757d2d4cbcd4d3eddd5fdf2,CSI generated for application PVC,Attach backing volume pvc-c04a8caf-bd3b-4df4-bf75-5f56009c93d1 to worker pool-d5e2gdbur-3x1f3q,,,pool-d5e2gdbur-3x1f3q,
2026-10-04,cluster,VolumeAttachment,csi-7608564e154c279310dd160334c27dff3ca7d362190ef2684d8f6f6269e13ccc,CSI generated for application PVC,Attach backing volume pvc-5e315136-c02c-4edb-8a69-3365487b362c to worker pool-d5e2gdbur-3x1f3m,,,pool-d5e2gdbur-3x1f3m,
2026-10-04,cluster,VolumeAttachment,csi-8b0f6fbf971dc3a594074825165d9d9f1ab37fd33c1068436be435d8f8f8e870,CSI generated for application PVC,Attach backing volume pvc-a47f16f6-1924-4b49-b9ee-0051b9fe3d1c to worker pool-d5e2gdbur-3x1f37,,,pool-d5e2gdbur-3x1f37,
2026-10-04,default,Secret,sh.helm.release.v1.intentlatch.v10,Helm release history,Helm release/rollback record for intentlatch; may be a superseded revision,,,,
2026-10-04,default,Secret,sh.helm.release.v1.intentlatch.v11,Helm release history,Helm release/rollback record for intentlatch; may be a superseded revision,,,,
2026-10-04,default,Secret,sh.helm.release.v1.intentlatch.v12,Helm release history,Helm release/rollback record for intentlatch; may be a superseded revision,,,,
2026-10-04,default,Secret,sh.helm.release.v1.intentlatch.v13,Helm release history,Helm release/rollback record for intentlatch; may be a superseded revision,,,,
2026-10-04,default,Secret,sh.helm.release.v1.intentlatch.v14,Helm release history,Helm release/rollback record for intentlatch; may be a superseded revision,,,,
2026-10-04,default,Secret,sh.helm.release.v1.intentlatch.v15,Helm release history,Helm release/rollback record for intentlatch; may be a superseded revision,,,,
2026-10-04,default,Secret,sh.helm.release.v1.intentlatch.v16,Helm release history,Helm release/rollback record for intentlatch; may be a superseded revision,,,,
2026-10-04,default,Secret,sh.helm.release.v1.intentlatch.v7,Helm release history,Helm release/rollback record for intentlatch; may be a superseded revision,,,,
2026-10-04,default,Secret,sh.helm.release.v1.intentlatch.v8,Helm release history,Helm release/rollback record for intentlatch; may be a superseded revision,,,,
2026-10-04,default,Secret,sh.helm.release.v1.intentlatch.v9,Helm release history,Helm release/rollback record for intentlatch; may be a superseded revision,,,,
2026-10-04,intentlatch-data,ConfigMap,kube-root-ca.crt,Kubernetes generated,Kubernetes API server trust certificate published in each namespace,,,,
2026-10-04,intentlatch-data,ConfigMap,postgres-init,Helm release intentlatch,SQL creating the application database and its non-superuser owner on first initialization,,,,
2026-10-04,intentlatch-data,ControllerRevision,postgres-84484f8b4c,Kubernetes generated,Controller revision history for StatefulSet/postgres,StatefulSet/postgres,,,
2026-10-04,intentlatch-data,ControllerRevision,valkey-847c8949d,Kubernetes generated,Controller revision history for StatefulSet/valkey,StatefulSet/valkey,,,
2026-10-04,intentlatch-data,EndpointSlice,postgres-headless-q5kcx,Kubernetes generated,Addresses behind Service/postgres-headless; updated as backing endpoints change,Service/postgres-headless,,,
2026-10-04,intentlatch-data,EndpointSlice,postgres-jblpt,Kubernetes generated,Addresses behind Service/postgres; updated as backing endpoints change,Service/postgres,,,
2026-10-04,intentlatch-data,EndpointSlice,valkey-b4qlm,Kubernetes generated,Addresses behind Service/valkey; updated as backing endpoints change,Service/valkey,,,
2026-10-04,intentlatch-data,EndpointSlice,valkey-headless-f28gx,Kubernetes generated,Addresses behind Service/valkey-headless; updated as backing endpoints change,Service/valkey-headless,,,
2026-10-04,intentlatch-data,Endpoints,postgres,Kubernetes generated,Addresses behind Service/postgres; updated as backing endpoints change,,,,
2026-10-04,intentlatch-data,Endpoints,postgres-headless,Kubernetes generated,Addresses behind Service/postgres-headless; updated as backing endpoints change,,,,
2026-10-04,intentlatch-data,Endpoints,valkey,Kubernetes generated,Addresses behind Service/valkey; updated as backing endpoints change,,,,
2026-10-04,intentlatch-data,Endpoints,valkey-headless,Kubernetes generated,Addresses behind Service/valkey-headless; updated as backing endpoints change,,,,
2026-10-04,intentlatch-data,NetworkPolicy,allow-dns,Helm release intentlatch,Allow UDP/TCP 53 to CoreDNS in kube-system,,,,
2026-10-04,intentlatch-data,NetworkPolicy,default-deny,Helm release intentlatch,Deny ingress and egress unless another policy explicitly allows the connection,,,,
2026-10-04,intentlatch-data,NetworkPolicy,postgres,Helm release intentlatch,Allow SQL connections only from gateway-labeled Pods in intentlatch-system,,,,
2026-10-04,intentlatch-data,NetworkPolicy,valkey,Helm release intentlatch,Allow reserved gateway connections to Valkey,,,,
2026-10-04,intentlatch-data,PersistentVolumeClaim,data-postgres-0,StatefulSet claim template,Durable block-disk claim for gateway PostgreSQL data,,,,5Gi; do-block-storage; pvc-54065563-08bb-40a4-9229-988625ccf777
2026-10-04,intentlatch-data,PersistentVolumeClaim,data-valkey-0,StatefulSet claim template,Durable block-disk claim for Valkey append-only data,,,,1Gi; do-block-storage; pvc-5e315136-c02c-4edb-8a69-3365487b362c
2026-10-04,intentlatch-data,Pod,postgres-0,Kubernetes generated,Running container group managed by StatefulSet/postgres,StatefulSet/postgres,,pool-d5e2gdbur-3x1f3m,
2026-10-04,intentlatch-data,Pod,valkey-0,Kubernetes generated,Running container group managed by StatefulSet/valkey,StatefulSet/valkey,,pool-d5e2gdbur-3x1f3m,
2026-10-04,intentlatch-data,SealedSecret,postgres-auth,Helm release intentlatch,"Encrypted, name/namespace-bound input for Secret: Separate PostgreSQL superuser and application passwords",,,,
2026-10-04,intentlatch-data,SealedSecret,valkey-auth,Helm release intentlatch,"Encrypted, name/namespace-bound input for Secret: Valkey authentication password",,,,
2026-10-04,intentlatch-data,Secret,postgres-auth,Sealed Secrets controller,Separate PostgreSQL superuser and application passwords,postgres-auth,,,
2026-10-04,intentlatch-data,Secret,valkey-auth,Sealed Secrets controller,Valkey authentication password,valkey-auth,,,
2026-10-04,intentlatch-data,Service,postgres,Helm release intentlatch,"Stable internal endpoint for Durable PostgreSQL database for gateway teams, employees and schema migrations",,5432/TCP -> postgres,,
2026-10-04,intentlatch-data,Service,postgres-headless,Helm release intentlatch,Headless DNS for the PostgreSQL StatefulSet,,5432/TCP -> postgres,,
2026-10-04,intentlatch-data,Service,valkey,Helm release intentlatch,Stable internal endpoint for Password-protected Redis-compatible key-value store; gateway integration is prepared but unused,,6379/TCP -> valkey,,
2026-10-04,intentlatch-data,Service,valkey-headless,Helm release intentlatch,Headless DNS for the Valkey StatefulSet,,6379/TCP -> valkey,,
2026-10-04,intentlatch-data,ServiceAccount,default,Kubernetes generated,Default namespace workload identity; application Pods disable token automount,,,,
2026-10-04,intentlatch-data,StatefulSet,postgres,Helm release intentlatch,"Durable PostgreSQL database for gateway teams, employees and schema migrations",,,,
2026-10-04,intentlatch-data,StatefulSet,valkey,Helm release intentlatch,Password-protected Redis-compatible key-value store; gateway integration is prepared but unused,,,,
2026-10-04,intentlatch-system,ConfigMap,kube-root-ca.crt,Kubernetes generated,Kubernetes API server trust certificate published in each namespace,,,,
2026-10-04,intentlatch-system,Deployment,intentlatch-gateway,Helm release intentlatch,"Authenticated model API, employee/team management and routing to Ollama",,,,
2026-10-04,intentlatch-system,EndpointSlice,intentlatch-gateway-5xslk,Kubernetes generated,Addresses behind Service/intentlatch-gateway; updated as backing endpoints change,Service/intentlatch-gateway,,,
2026-10-04,intentlatch-system,Endpoints,intentlatch-gateway,Kubernetes generated,Addresses behind Service/intentlatch-gateway; updated as backing endpoints change,,,,
2026-10-04,intentlatch-system,NetworkPolicy,allow-dns,Helm release intentlatch,Allow UDP/TCP 53 to CoreDNS in kube-system,,,,
2026-10-04,intentlatch-system,NetworkPolicy,default-deny,Helm release intentlatch,Deny ingress and egress unless another policy explicitly allows the connection,,,,
2026-10-04,intentlatch-system,NetworkPolicy,gateway,Helm release intentlatch,"Allow selected WebUI/monitoring/future-edge clients and outgoing PostgreSQL, Ollama and reserved Valkey access",,,,
2026-10-04,intentlatch-system,Pod,intentlatch-gateway-6b77cccbf6-54wpc,Kubernetes generated,Running container group managed by ReplicaSet/intentlatch-gateway-6b77cccbf6,ReplicaSet/intentlatch-gateway-6b77cccbf6,,pool-d5e2gdbur-3x1f3q,
2026-10-04,intentlatch-system,Pod,intentlatch-gateway-6b77cccbf6-5tqbw,Kubernetes generated,Running container group managed by ReplicaSet/intentlatch-gateway-6b77cccbf6,ReplicaSet/intentlatch-gateway-6b77cccbf6,,pool-d5e2gdbur-3x1f3m,
2026-10-04,intentlatch-system,PodDisruptionBudget,intentlatch-gateway,Helm release intentlatch,Limit voluntary disruptions for intentlatch-gateway; require at least one gateway replica,,,,
2026-10-04,intentlatch-system,ReplicaSet,intentlatch-gateway-6b77cccbf6,Kubernetes generated,Maintain Pod replicas for Deployment/intentlatch-gateway; older revisions may have zero replicas,Deployment/intentlatch-gateway,,,
2026-10-04,intentlatch-system,SealedSecret,gateway-auth,Helm release intentlatch,"Encrypted, name/namespace-bound input for Secret: Gateway database URL, token-signing key and administrator API key",,,,
2026-10-04,intentlatch-system,SealedSecret,gateway-valkey,Helm release intentlatch,"Encrypted, name/namespace-bound input for Secret: Prepared Valkey URL; not injected into the current gateway",,,,
2026-10-04,intentlatch-system,Secret,gateway-auth,Sealed Secrets controller,"Gateway database URL, token-signing key and administrator API key",gateway-auth,,,
2026-10-04,intentlatch-system,Secret,gateway-valkey,Sealed Secrets controller,Prepared Valkey URL; not injected into the current gateway,gateway-valkey,,,
2026-10-04,intentlatch-system,Service,intentlatch-gateway,Helm release intentlatch,"Stable internal endpoint for Authenticated model API, employee/team management and routing to Ollama",,8080/TCP -> http,,
2026-10-04,intentlatch-system,ServiceAccount,default,Kubernetes generated,Default namespace workload identity; application Pods disable token automount,,,,
2026-10-04,kube-system,DaemonSet,cilium,Existing DOKS platform,Provide pod networking and enforce NetworkPolicies,,,,
2026-10-04,kube-system,DaemonSet,csi-do-node,Existing DOKS platform,Register the DigitalOcean CSI driver and mount cloud block disks on workers,,,,
2026-10-04,kube-system,DaemonSet,do-node-agent,Existing DOKS platform,Provider node telemetry,,,,
2026-10-04,kube-system,DaemonSet,do-node-agent-amd-device-metrics-exporter,Existing DOKS platform,Provider AMD GPU telemetry definition; zero Pods scheduled on current workers,,,,
2026-10-04,kube-system,DaemonSet,do-node-agent-nvidia-dcgm-exporter,Existing DOKS platform,Provider NVIDIA GPU telemetry definition; zero Pods scheduled on current workers,,,,
2026-10-04,kube-system,DaemonSet,doks-telemetry-config-reloader,Existing DOKS platform,Refresh DigitalOcean telemetry configuration,,,,
2026-10-04,kube-system,Deployment,coredns,Existing DOKS platform,Resolve cluster Service DNS names,,,,
2026-10-04,kube-system,Deployment,hubble-relay,Existing DOKS platform,Aggregate Cilium network-flow observations,,,,
2026-10-04,kube-system,Deployment,hubble-ui,Existing DOKS platform,Display Hubble network-flow observations,,,,
2026-10-04,kube-system,Deployment,konnectivity-agent,Existing DOKS platform,Connect the managed Kubernetes control plane with worker services,,,,
2026-10-04,kube-system,EndpointSlice,monitoring-coredns-rk4sd,Kubernetes generated,Addresses behind Service/monitoring-coredns; updated as backing endpoints change,Service/monitoring-coredns,,,
2026-10-04,kube-system,EndpointSlice,monitoring-kubelet-72g6l,Prometheus Operator discovery,Addresses behind Endpoints/monitoring-kubelet; updated as backing endpoints change,Endpoints/monitoring-kubelet,,,
2026-10-04,kube-system,Endpoints,monitoring-coredns,Kubernetes generated,Addresses behind Service/monitoring-coredns; updated as backing endpoints change,,,,
2026-10-04,kube-system,Endpoints,monitoring-kubelet,Prometheus Operator discovery,Addresses behind Service/monitoring-kubelet; updated as backing endpoints change,,,,
2026-10-04,kube-system,PodDisruptionBudget,cilium-operator,Existing DOKS platform,Limit voluntary disruptions for cilium-operator,,,,
2026-10-04,kube-system,PodDisruptionBudget,konnectivity-agent,Existing DOKS platform,Limit voluntary disruptions for konnectivity-agent,,,,
2026-10-04,kube-system,PodDisruptionBudget,kube-dns,Existing DOKS platform,Limit voluntary disruptions for kube-dns,,,,
2026-10-04,kube-system,Service,cilium-agent,Existing DOKS platform,Cilium-associated Envoy metrics discovery; not the application ingress,,9964/TCP -> envoy-metrics,,
2026-10-04,kube-system,Service,hubble-metrics,Existing DOKS platform,Cilium/Hubble flow metrics endpoint,,9965/TCP -> hubble-metrics,,
2026-10-04,kube-system,Service,hubble-peer,Existing DOKS platform,Discovery of Hubble agent peers,,443/TCP -> 4244,,
2026-10-04,kube-system,Service,hubble-relay,Existing DOKS platform,Hubble relay access,,80/TCP -> grpc,,
2026-10-04,kube-system,Service,hubble-ui,Existing DOKS platform,Hubble browser interface access,,80/TCP -> 8081,,
2026-10-04,kube-system,Service,kube-dns,Existing DOKS platform,CoreDNS UDP/TCP name resolution and metrics,,53/UDP -> 53; 53/TCP -> 53; 9153/TCP -> 9153,,
2026-10-04,kube-system,Service,monitoring-coredns,Helm release monitoring,Select existing CoreDNS Pods for Prometheus scraping,,9153/TCP -> 9153,,
2026-10-04,kube-system,Service,monitoring-kubelet,Prometheus Operator discovery,Operator-managed node discovery for kubelet/cAdvisor/probe metrics,,10250/TCP -> 10250; 4194/TCP -> 4194; 10255/TCP -> 10255,,
2026-10-04,observability,Alertmanager,monitoring-alertmanager,Helm release monitoring,Operator input for one alert grouping/routing server with no external receiver,,,,
2026-10-04,observability,ConfigMap,intentlatch-executive,Helm release intentlatch,Grafana executive dashboard JSON; most application metrics are not implemented yet,,,,
2026-10-04,observability,ConfigMap,intentlatch-performance,Helm release intentlatch,Grafana performance dashboard JSON; includes current gateway scrape health and future application metrics,,,,
2026-10-04,observability,ConfigMap,intentlatch-security,Helm release intentlatch,Grafana security dashboard JSON; application policy metrics are not implemented yet,,,,
2026-10-04,observability,ConfigMap,kube-root-ca.crt,Kubernetes generated,Kubernetes API server trust certificate published in each namespace,,,,
2026-10-04,observability,ConfigMap,monitoring-grafana,Helm release monitoring,Grafana configuration and Prometheus data-source provisioning,,,,
2026-10-04,observability,ConfigMap,monitoring-grafana-config-dashboards,Helm release monitoring,Grafana dashboard provider configuration,,,,
2026-10-04,observability,ConfigMap,prometheus-monitoring-prometheus-rulefiles-0,Prometheus Operator generated,Operator-generated Prometheus alert rule files,Prometheus/monitoring-prometheus,,,
2026-10-04,observability,ControllerRevision,alertmanager-monitoring-alertmanager-76b978f7dc,Kubernetes generated,Controller revision history for StatefulSet/alertmanager-monitoring-alertmanager,StatefulSet/alertmanager-monitoring-alertmanager,,,
2026-10-04,observability,ControllerRevision,monitoring-prometheus-node-exporter-54958976b5,Kubernetes generated,Controller revision history for DaemonSet/monitoring-prometheus-node-exporter,DaemonSet/monitoring-prometheus-node-exporter,,,
2026-10-04,observability,ControllerRevision,prometheus-monitoring-prometheus-74679b895f,Kubernetes generated,Controller revision history for StatefulSet/prometheus-monitoring-prometheus,StatefulSet/prometheus-monitoring-prometheus,,,
2026-10-04,observability,DaemonSet,monitoring-prometheus-node-exporter,Helm release monitoring,"Export host CPU, memory and filesystem metrics on each worker",,,,
2026-10-04,observability,Deployment,monitoring-grafana,Helm release monitoring,Authenticated dashboards querying Prometheus,,,,
2026-10-04,observability,Deployment,monitoring-kube-state-metrics,Helm release monitoring,Read Kubernetes object state and expose metrics,,,,
2026-10-04,observability,Deployment,monitoring-operator,Helm release monitoring,Reconcile monitoring custom resources into running servers and configuration,,,,
2026-10-04,observability,EndpointSlice,alertmanager-operated-bgd8f,Kubernetes generated,Addresses behind Service/alertmanager-operated; updated as backing endpoints change,Service/alertmanager-operated,,,
2026-10-04,observability,EndpointSlice,monitoring-alertmanager-x2m5b,Kubernetes generated,Addresses behind Service/monitoring-alertmanager; updated as backing endpoints change,Service/monitoring-alertmanager,,,
2026-10-04,observability,EndpointSlice,monitoring-grafana-fl9bx,Kubernetes generated,Addresses behind Service/monitoring-grafana; updated as backing endpoints change,Service/monitoring-grafana,,,
2026-10-04,observability,EndpointSlice,monitoring-kube-state-metrics-bqrln,Kubernetes generated,Addresses behind Service/monitoring-kube-state-metrics; updated as backing endpoints change,Service/monitoring-kube-state-metrics,,,
2026-10-04,observability,EndpointSlice,monitoring-operator-ptb2s,Kubernetes generated,Addresses behind Service/monitoring-operator; updated as backing endpoints change,Service/monitoring-operator,,,
2026-10-04,observability,EndpointSlice,monitoring-prometheus-node-exporter-6gxgg,Kubernetes generated,Addresses behind Service/monitoring-prometheus-node-exporter; updated as backing endpoints change,Service/monitoring-prometheus-node-exporter,,,
2026-10-04,observability,EndpointSlice,monitoring-prometheus-tqcvz,Kubernetes generated,Addresses behind Service/monitoring-prometheus; updated as backing endpoints change,Service/monitoring-prometheus,,,
2026-10-04,observability,EndpointSlice,prometheus-operated-k6plr,Kubernetes generated,Addresses behind Service/prometheus-operated; updated as backing endpoints change,Service/prometheus-operated,,,
2026-10-04,observability,Endpoints,alertmanager-operated,Kubernetes generated,Addresses behind Service/alertmanager-operated; updated as backing endpoints change,,,,
2026-10-04,observability,Endpoints,monitoring-alertmanager,Kubernetes generated,Addresses behind Service/monitoring-alertmanager; updated as backing endpoints change,,,,
2026-10-04,observability,Endpoints,monitoring-grafana,Kubernetes generated,Addresses behind Service/monitoring-grafana; updated as backing endpoints change,,,,
2026-10-04,observability,Endpoints,monitoring-kube-state-metrics,Kubernetes generated,Addresses behind Service/monitoring-kube-state-metrics; updated as backing endpoints change,,,,
2026-10-04,observability,Endpoints,monitoring-operator,Kubernetes generated,Addresses behind Service/monitoring-operator; updated as backing endpoints change,,,,
2026-10-04,observability,Endpoints,monitoring-prometheus,Kubernetes generated,Addresses behind Service/monitoring-prometheus; updated as backing endpoints change,,,,
2026-10-04,observability,Endpoints,monitoring-prometheus-node-exporter,Kubernetes generated,Addresses behind Service/monitoring-prometheus-node-exporter; updated as backing endpoints change,,,,
2026-10-04,observability,Endpoints,prometheus-operated,Kubernetes generated,Addresses behind Service/prometheus-operated; updated as backing endpoints change,,,,
2026-10-04,observability,NetworkPolicy,grafana-ingress,Helm release intentlatch,Allow Prometheus and reserved future Envoy traffic to Grafana,,,,
2026-10-04,observability,PersistentVolumeClaim,monitoring-grafana,Helm release monitoring,Durable block-disk claim for Grafana state,,,,1Gi; do-block-storage; pvc-20293f02-f65e-45e4-99f2-9a5d6553fe51
2026-10-04,observability,PersistentVolumeClaim,prometheus-monitoring-prometheus-db-prometheus-monitoring-prometheus-0,StatefulSet claim template,Durable block-disk claim for Prometheus time series,,,,5Gi; do-block-storage; pvc-c04a8caf-bd3b-4df4-bf75-5f56009c93d1
2026-10-04,observability,Pod,alertmanager-monitoring-alertmanager-0,Kubernetes generated,Running container group managed by StatefulSet/alertmanager-monitoring-alertmanager,StatefulSet/alertmanager-monitoring-alertmanager,,pool-d5e2gdbur-3x1f3q,
2026-10-04,observability,Pod,monitoring-grafana-6757596ddc-rk5bd,Kubernetes generated,Running container group managed by ReplicaSet/monitoring-grafana-6757596ddc,ReplicaSet/monitoring-grafana-6757596ddc,,pool-d5e2gdbur-3x1f3m,
2026-10-04,observability,Pod,monitoring-kube-state-metrics-989b8874d-wdrlf,Kubernetes generated,Running container group managed by ReplicaSet/monitoring-kube-state-metrics-989b8874d,ReplicaSet/monitoring-kube-state-metrics-989b8874d,,pool-d5e2gdbur-3x1f3q,
2026-10-04,observability,Pod,monitoring-operator-58987d6c64-sh267,Kubernetes generated,Running container group managed by ReplicaSet/monitoring-operator-58987d6c64,ReplicaSet/monitoring-operator-58987d6c64,,pool-d5e2gdbur-3x1f3m,
2026-10-04,observability,Pod,monitoring-prometheus-node-exporter-2nltv,Kubernetes generated,Running container group managed by DaemonSet/monitoring-prometheus-node-exporter,DaemonSet/monitoring-prometheus-node-exporter,,pool-d5e2gdbur-3x1f3m,
2026-10-04,observability,Pod,monitoring-prometheus-node-exporter-5ncvv,Kubernetes generated,Running container group managed by DaemonSet/monitoring-prometheus-node-exporter,DaemonSet/monitoring-prometheus-node-exporter,,pool-d5e2gdbur-3x1f3q,
2026-10-04,observability,Pod,monitoring-prometheus-node-exporter-f5b82,Kubernetes generated,Running container group managed by DaemonSet/monitoring-prometheus-node-exporter,DaemonSet/monitoring-prometheus-node-exporter,,pool-d5e2gdbur-3x1f37,
2026-10-04,observability,Pod,prometheus-monitoring-prometheus-0,Kubernetes generated,Running container group managed by StatefulSet/prometheus-monitoring-prometheus,StatefulSet/prometheus-monitoring-prometheus,,pool-d5e2gdbur-3x1f3q,
2026-10-04,observability,Prometheus,monitoring-prometheus,Helm release monitoring,"Operator input for one metrics server, its retention, storage and target/rule selection",,,,
2026-10-04,observability,PrometheusRule,intentlatch,Helm release intentlatch,Gateway/Ollama/PostgreSQL availability alerts and future team-budget alerts,,,,
2026-10-04,observability,ReplicaSet,monitoring-grafana-6757596ddc,Kubernetes generated,Maintain Pod replicas for Deployment/monitoring-grafana; older revisions may have zero replicas,Deployment/monitoring-grafana,,,
2026-10-04,observability,ReplicaSet,monitoring-grafana-7b8746cdfb,Kubernetes generated,Maintain Pod replicas for Deployment/monitoring-grafana; older revisions may have zero replicas,Deployment/monitoring-grafana,,,
2026-10-04,observability,ReplicaSet,monitoring-kube-state-metrics-989b8874d,Kubernetes generated,Maintain Pod replicas for Deployment/monitoring-kube-state-metrics; older revisions may have zero replicas,Deployment/monitoring-kube-state-metrics,,,
2026-10-04,observability,ReplicaSet,monitoring-operator-58987d6c64,Kubernetes generated,Maintain Pod replicas for Deployment/monitoring-operator; older revisions may have zero replicas,Deployment/monitoring-operator,,,
2026-10-04,observability,ReplicaSet,monitoring-operator-8bc8cfcb7,Kubernetes generated,Maintain Pod replicas for Deployment/monitoring-operator; older revisions may have zero replicas,Deployment/monitoring-operator,,,
2026-10-04,observability,SealedSecret,grafana-auth,Helm release intentlatch,"Encrypted, name/namespace-bound input for Secret: Grafana administrator login credentials",,,,
2026-10-04,observability,Secret,alertmanager-monitoring-alertmanager,Helm release monitoring,Base Alertmanager routing configuration from Helm,,,,
2026-10-04,observability,Secret,alertmanager-monitoring-alertmanager-cluster-tls-config,Prometheus Operator generated,Operator-managed Alertmanager cluster TLS configuration asset,monitoring-alertmanager,,,
2026-10-04,observability,Secret,alertmanager-monitoring-alertmanager-generated,Prometheus Operator generated,Operator-generated effective Alertmanager configuration,monitoring-alertmanager,,,
2026-10-04,observability,Secret,alertmanager-monitoring-alertmanager-tls-assets-0,Prometheus Operator generated,Operator-managed Alertmanager TLS assets,monitoring-alertmanager,,,
2026-10-04,observability,Secret,alertmanager-monitoring-alertmanager-web-config,Prometheus Operator generated,Operator-managed Alertmanager web configuration,monitoring-alertmanager,,,
2026-10-04,observability,Secret,grafana-auth,Sealed Secrets controller,Grafana administrator login credentials,grafana-auth,,,
2026-10-04,observability,Secret,monitoring-prometheus-token,Helm release monitoring,Prometheus ServiceAccount token for Kubernetes API authentication,,,,
2026-10-04,observability,Secret,prometheus-monitoring-prometheus,Prometheus Operator generated,Operator-generated compressed Prometheus scrape configuration,monitoring-prometheus,,,
2026-10-04,observability,Secret,prometheus-monitoring-prometheus-thanos-prometheus-http-client-file,Prometheus Operator generated,Operator-managed Prometheus HTTP client configuration asset; no Thanos workload installed,monitoring-prometheus,,,
2026-10-04,observability,Secret,prometheus-monitoring-prometheus-tls-assets-0,Prometheus Operator generated,Operator-managed Prometheus TLS assets,monitoring-prometheus,,,
2026-10-04,observability,Secret,prometheus-monitoring-prometheus-web-config,Prometheus Operator generated,Operator-managed Prometheus web configuration,monitoring-prometheus,,,
2026-10-04,observability,Secret,sh.helm.release.v1.monitoring.v1,Helm release history,Helm release/rollback record for monitoring; may be a superseded revision,,,,
2026-10-04,observability,Secret,sh.helm.release.v1.monitoring.v2,Helm release history,Helm release/rollback record for monitoring; may be a superseded revision,,,,
2026-10-04,observability,Secret,sh.helm.release.v1.monitoring.v3,Helm release history,Helm release/rollback record for monitoring; may be a superseded revision,,,,
2026-10-04,observability,Service,alertmanager-operated,Prometheus Operator generated,Headless Alertmanager HTTP and peer-mesh discovery; one current replica,Alertmanager/monitoring-alertmanager,9093/TCP -> http-web; 9094/TCP -> mesh-tcp; 9094/UDP -> mesh-udp,,
2026-10-04,observability,Service,monitoring-alertmanager,Helm release monitoring,Alertmanager API access and reloader metrics,,9093/TCP -> 9093; 8080/TCP -> reloader-web,,
2026-10-04,observability,Service,monitoring-grafana,Helm release monitoring,Stable internal endpoint for Authenticated dashboards querying Prometheus,,80/TCP -> grafana,,
2026-10-04,observability,Service,monitoring-kube-state-metrics,Helm release monitoring,Stable internal endpoint for Read Kubernetes object state and expose metrics,,8080/TCP -> http,,
2026-10-04,observability,Service,monitoring-operator,Helm release monitoring,Stable internal endpoint for Reconcile monitoring custom resources into running servers and configuration,,8080/TCP -> http,,
2026-10-04,observability,Service,monitoring-prometheus,Helm release monitoring,Prometheus query/API access and reloader metrics,,9090/TCP -> 9090; 8080/TCP -> reloader-web,,
2026-10-04,observability,Service,monitoring-prometheus-node-exporter,Helm release monitoring,"Stable internal endpoint for Export host CPU, memory and filesystem metrics on each worker",,9100/TCP -> 9100,,
2026-10-04,observability,Service,prometheus-operated,Prometheus Operator generated,Headless operator-managed Prometheus Pod discovery,Prometheus/monitoring-prometheus,9090/TCP -> http-web,,
2026-10-04,observability,ServiceAccount,default,Kubernetes generated,Default namespace workload identity; application Pods disable token automount,,,,
2026-10-04,observability,ServiceAccount,monitoring-alertmanager,Helm release monitoring,Kubernetes API identity/permissions: Alertmanager workload Kubernetes identity,,,,
2026-10-04,observability,ServiceAccount,monitoring-grafana,Helm release monitoring,Kubernetes API identity/permissions: Grafana sidecar Kubernetes configuration discovery,,,,
2026-10-04,observability,ServiceAccount,monitoring-kube-state-metrics,Helm release monitoring,Kubernetes API identity/permissions: Read Kubernetes objects for state metrics,,,,
2026-10-04,observability,ServiceAccount,monitoring-operator,Helm release monitoring,Kubernetes API identity/permissions: Reconcile monitoring custom resources and generated workloads,,,,
2026-10-04,observability,ServiceAccount,monitoring-prometheus,Helm release monitoring,Kubernetes API identity/permissions: Prometheus target discovery and permitted API/metrics access,,,,
2026-10-04,observability,ServiceAccount,monitoring-prometheus-node-exporter,Helm release monitoring,Kubernetes API identity/permissions: Node-exporter workload Kubernetes identity,,,,
2026-10-04,observability,ServiceMonitor,intentlatch-gateway,Helm release intentlatch,Gateway /metrics scrape discovery; endpoint currently returns 404,,,,
2026-10-04,observability,ServiceMonitor,monitoring-alertmanager,Helm release monitoring,Scrape Alertmanager and its reloader,,,,
2026-10-04,observability,ServiceMonitor,monitoring-apiserver,Helm release monitoring,Scrape Kubernetes API server metrics over HTTPS,,,,
2026-10-04,observability,ServiceMonitor,monitoring-coredns,Helm release monitoring,Scrape CoreDNS metrics,,,,
2026-10-04,observability,ServiceMonitor,monitoring-grafana,Helm release monitoring,Scrape Grafana metrics,,,,
2026-10-04,observability,ServiceMonitor,monitoring-kube-state-metrics,Helm release monitoring,Scrape Kubernetes workload/object state metrics,,,,
2026-10-04,observability,ServiceMonitor,monitoring-kubelet,Helm release monitoring,"Scrape kubelet, cAdvisor and probe metrics via HTTPS 10250",,,,
2026-10-04,observability,ServiceMonitor,monitoring-operator,Helm release monitoring,Scrape Prometheus Operator metrics,,,,
2026-10-04,observability,ServiceMonitor,monitoring-prometheus,Helm release monitoring,Scrape Prometheus and its reloader,,,,
2026-10-04,observability,ServiceMonitor,monitoring-prometheus-node-exporter,Helm release monitoring,Scrape all worker node-exporter instances,,,,
2026-10-04,observability,StatefulSet,alertmanager-monitoring-alertmanager,Prometheus Operator generated,Group and deduplicate alerts; null receiver sends no external notifications,Alertmanager/monitoring-alertmanager,,,
2026-10-04,observability,StatefulSet,prometheus-monitoring-prometheus,Prometheus Operator generated,"Scrape, store and query metrics; evaluate alert expressions",Prometheus/monitoring-prometheus,,,
2026-10-04,sealed-secrets,ConfigMap,kube-root-ca.crt,Kubernetes generated,Kubernetes API server trust certificate published in each namespace,,,,
2026-10-04,sealed-secrets,Deployment,sealed-secrets,Helm release sealed-secrets,Decrypt SealedSecrets and reconcile runtime Kubernetes Secrets,,,,
2026-10-04,sealed-secrets,EndpointSlice,sealed-secrets-metrics-b22gj,Kubernetes generated,Addresses behind Service/sealed-secrets-metrics; updated as backing endpoints change,Service/sealed-secrets-metrics,,,
2026-10-04,sealed-secrets,EndpointSlice,sealed-secrets-vpfpd,Kubernetes generated,Addresses behind Service/sealed-secrets; updated as backing endpoints change,Service/sealed-secrets,,,
2026-10-04,sealed-secrets,Endpoints,sealed-secrets,Kubernetes generated,Addresses behind Service/sealed-secrets; updated as backing endpoints change,,,,
2026-10-04,sealed-secrets,Endpoints,sealed-secrets-metrics,Kubernetes generated,Addresses behind Service/sealed-secrets-metrics; updated as backing endpoints change,,,,
2026-10-04,sealed-secrets,Pod,sealed-secrets-655fc6bd76-ztjlw,Kubernetes generated,Running container group managed by ReplicaSet/sealed-secrets-655fc6bd76,ReplicaSet/sealed-secrets-655fc6bd76,,pool-d5e2gdbur-3x1f3m,
2026-10-04,sealed-secrets,ReplicaSet,sealed-secrets-655fc6bd76,Kubernetes generated,Maintain Pod replicas for Deployment/sealed-secrets; older revisions may have zero replicas,Deployment/sealed-secrets,,,
2026-10-04,sealed-secrets,Role,sealed-secrets-key-admin,Helm release sealed-secrets,Kubernetes API identity/permissions: Manage Sealed Secrets controller sealing-key Secrets,,,,
2026-10-04,sealed-secrets,Role,sealed-secrets-service-proxier,Helm release sealed-secrets,Kubernetes API identity/permissions: Access Sealed Secrets controller service proxy,,,,
2026-10-04,sealed-secrets,RoleBinding,sealed-secrets-key-admin,Helm release sealed-secrets,Bind permissions: Manage Sealed Secrets controller sealing-key Secrets,,,,
2026-10-04,sealed-secrets,RoleBinding,sealed-secrets-service-proxier,Helm release sealed-secrets,Bind permissions: Access Sealed Secrets controller service proxy,,,,
2026-10-04,sealed-secrets,Secret,sealed-secrets-keynks99,Sealed Secrets key management,Controller sealing private key and public certificate; not an application login,,,,
2026-10-04,sealed-secrets,Secret,sh.helm.release.v1.sealed-secrets.v1,Helm release history,Helm release/rollback record for sealed-secrets; may be a superseded revision,,,,
2026-10-04,sealed-secrets,Service,sealed-secrets,Helm release sealed-secrets,Controller service used for sealing certificate and API proxy access,,8080/TCP -> http,,
2026-10-04,sealed-secrets,Service,sealed-secrets-metrics,Helm release sealed-secrets,Expose controller metrics; no ServiceMonitor installed for this endpoint,,8081/TCP -> metrics,,
2026-10-04,sealed-secrets,ServiceAccount,default,Kubernetes generated,Default namespace workload identity; application Pods disable token automount,,,,
2026-10-04,sealed-secrets,ServiceAccount,sealed-secrets,Helm release sealed-secrets,Kubernetes API identity/permissions: Sealed Secrets controller Kubernetes identity and cluster permissions,,,,
2026-10-04,upstreams,ConfigMap,kube-root-ca.crt,Kubernetes generated,Kubernetes API server trust certificate published in each namespace,,,,
2026-10-04,upstreams,Deployment,ollama,Helm release intentlatch,CPU inference for Qwen 2.5 3B and Llama 3.2 1B,,,,
2026-10-04,upstreams,EndpointSlice,ollama-nnmg6,Kubernetes generated,Addresses behind Service/ollama; updated as backing endpoints change,Service/ollama,,,
2026-10-04,upstreams,Endpoints,ollama,Kubernetes generated,Addresses behind Service/ollama; updated as backing endpoints change,,,,
2026-10-04,upstreams,NetworkPolicy,allow-dns,Helm release intentlatch,Allow UDP/TCP 53 to CoreDNS in kube-system,,,,
2026-10-04,upstreams,NetworkPolicy,default-deny,Helm release intentlatch,Deny ingress and egress unless another policy explicitly allows the connection,,,,
2026-10-04,upstreams,NetworkPolicy,ollama,Helm release intentlatch,Allow inference only from gateway-labeled Pods in intentlatch-system,,,,
2026-10-04,upstreams,PersistentVolumeClaim,ollama,Helm release intentlatch,Durable block-disk claim for model weights,,,,10Gi; do-block-storage; pvc-a47f16f6-1924-4b49-b9ee-0051b9fe3d1c
2026-10-04,upstreams,Pod,ollama-688fbdb858-fxsnn,Kubernetes generated,Running container group managed by ReplicaSet/ollama-688fbdb858,ReplicaSet/ollama-688fbdb858,,pool-d5e2gdbur-3x1f37,
2026-10-04,upstreams,ReplicaSet,ollama-688fbdb858,Kubernetes generated,Maintain Pod replicas for Deployment/ollama; older revisions may have zero replicas,Deployment/ollama,,,
2026-10-04,upstreams,Service,ollama,Helm release intentlatch,Stable internal endpoint for CPU inference for Qwen 2.5 3B and Llama 3.2 1B,,11434/TCP -> http,,
2026-10-04,upstreams,ServiceAccount,default,Kubernetes generated,Default namespace workload identity; application Pods disable token automount,,,,
